col_demo_flag,num_posts,avg_selftext_len,avg_score,avg_num_comments
1,77,929.4545454545455,15.38961038961039,14.584415584415584
0,727,146.1416781292985,47.87207702888583,9.624484181568087
